Chile, Chile, Chile 

Africa, Africa, Africa 

USA, USA, USA 

EU, EU, EU 

Fiji, Fiji, Fiji 

Russia, Russia, Russia 

Asia, Asia, Asia 

Ural, Ural, Ural 

Alaska, Alaska, Alaska 

Lake Aral, Lake Aral, Lake Aral 

Lake Erie, Lake Erie, Lake Erie 

Carlisle, Carlisle, Carlisle 

Kiel, Kiel, Kiel 

Lisa, Lisa, Lisa 

Darla, Darla, Darla 

Jade, Jade, Jade 

Felicia, Grace, Jessie, 
Gerald, Derrick, 
Adelaide, Kafka, Darrell, Charles, 
Alec Jr, Laura, Eurasia, Lassie, Lucille, Eurasia, Rachel, Alfred, Jesse Jr, Allie, Siegfried, Laurel, Richard, Dr Seuss, Sellafield, Selkirkshire, Hair, Guildhall, Sir H Rider Haggard, Grieg, UCLA, Fairchild, Erica, Richard, Schiller, Chad 
